{"cameraMode":{"drawMode":0,"name":"Shaded","section":"Shading Mode"},"sceneLighting":false,"audioPlay":false,"sceneViewState":{"showFog":true,"showMaterialUpdate":false,"showSkybox":true,"showFlares":true,"showImageEffects":true,"showParticleSystems":true},"in2DMode":false,"pivot":{"x":-530.251708984375,"y":-414.31097412109377,"z":223.95191955566407},"rotation":{"x":0.4427303075790405,"y":-0.2616157829761505,"z":0.13680163025856019,"w":0.8466614484786987},"size":926.5272216796875,"orthographic":false}