{"cameraMode":{"drawMode":0,"name":"Shaded","section":"Shading Mode"},"sceneLighting":false,"audioPlay":false,"sceneViewState":{"showFog":true,"showMaterialUpdate":false,"showSkybox":true,"showFlares":true,"showImageEffects":true,"showParticleSystems":true},"in2DMode":false,"pivot":{"x":0.000009387731552124023,"y":0.02677309513092041,"z":-3.1600000858306886},"rotation":{"x":0.02424027770757675,"y":-0.9592836499214172,"z":0.08686811476945877,"w":0.2676660716533661},"size":0.9831076860427856,"orthographic":false}