{"cameraMode":{"drawMode":0,"name":"Shaded","section":"Shading Mode"},"sceneLighting":true,"audioPlay":false,"sceneViewState":{"showFog":true,"showMaterialUpdate":false,"showSkybox":true,"showFlares":true,"showImageEffects":true,"showParticleSystems":true},"in2DMode":false,"pivot":{"x":0.9900000095367432,"y":-0.5816082954406738,"z":-0.07999998331069946},"rotation":{"x":-0.12457089126110077,"y":-0.14766211807727815,"z":0.01875085011124611,"w":-0.9809838533401489},"size":4.041658401489258,"orthographic":false}