{"cameraMode":{"drawMode":0,"name":"Shaded","section":"Shading Mode"},"sceneLighting":false,"audioPlay":false,"sceneViewState":{"showFog":true,"showMaterialUpdate":false,"showSkybox":true,"showFlares":true,"showImageEffects":true,"showParticleSystems":true},"in2DMode":false,"pivot":{"x":-78.6714859008789,"y":-57.68781280517578,"z":76.18486022949219},"rotation":{"x":-0.2461119145154953,"y":0.30936115980148318,"z":-0.08321435004472733,"w":-0.9147931337356567},"size":195.00608825683595,"orthographic":false}